{"cameraMode":{"drawMode":0,"name":"Shaded","section":"Shading Mode"},"sceneLighting":true,"audioPlay":false,"sceneViewState":{"m_AlwaysRefresh":false,"showFog":true,"showSkybox":false,"showFlares":true,"showImageEffects":true,"showParticleSystems":true,"showVisualEffectGraphs":true,"m_FxEnabled":true},"in2DMode":false,"pivot":{"x":-14.104671478271485,"y":2.122800588607788,"z":-5.938976287841797},"rotation":{"x":-0.012908019125461579,"y":0.9597625136375427,"z":-0.03468567505478859,"w":-0.27955952286720278},"size":15.459781646728516,"orthographic":false}