{"cameraMode":{"drawMode":0,"name":"Shaded","section":"Shading Mode"},"sceneLighting":false,"audioPlay":false,"sceneViewState":{"m_AlwaysRefresh":false,"showFog":true,"showSkybox":false,"showFlares":true,"showImageEffects":true,"showParticleSystems":true,"showVisualEffectGraphs":true,"m_FxEnabled":true},"in2DMode":false,"pivot":{"x":-13.07469654083252,"y":1.3206157684326172,"z":3.4615612030029299},"rotation":{"x":0.2596585750579834,"y":-0.15090127289295197,"z":0.03843267634510994,"w":0.9533688426017761},"size":2.0579116344451906,"orthographic":false}