{"cameraMode":{"drawMode":0,"name":"Shaded","section":"Shading Mode"},"sceneLighting":false,"audioPlay":false,"sceneViewState":{"m_AlwaysRefresh":false,"showFog":true,"showSkybox":false,"showFlares":true,"showImageEffects":true,"showParticleSystems":true,"showVisualEffectGraphs":true,"m_FxEnabled":true},"in2DMode":false,"pivot":{"x":3.4389758110046388,"y":0.9382310509681702,"z":2.1688592433929445},"rotation":{"x":-0.35246026515960696,"y":0.42339104413986208,"z":-0.18007685244083405,"w":-0.8152579069137573},"size":0.9516571760177612,"orthographic":false}