{"cameraMode":{"drawMode":0,"name":"Shaded","section":"Shading Mode"},"sceneLighting":true,"audioPlay":false,"sceneViewState":{"m_AlwaysRefresh":false,"showFog":true,"showSkybox":true,"showFlares":true,"showImageEffects":true,"showParticleSystems":true,"showVisualEffectGraphs":true,"m_FxEnabled":true},"in2DMode":false,"pivot":{"x":4.118434906005859,"y":5.121930122375488,"z":2.7168567180633547},"rotation":{"x":0.2217080295085907,"y":0.045318666845560077,"z":-0.01032330747693777,"w":0.9740170240402222},"size":7.902770042419434,"orthographic":false}