{"cameraMode":{"drawMode":0,"name":"Shaded","section":"Shading Mode"},"sceneLighting":true,"audioPlay":false,"sceneViewState":{"m_AlwaysRefresh":false,"showFog":true,"showSkybox":true,"showFlares":true,"showImageEffects":true,"showParticleSystems":true,"showVisualEffectGraphs":true,"m_FxEnabled":true},"in2DMode":false,"pivot":{"x":-15.388903617858887,"y":1.0126428604125977,"z":-2.015237808227539},"rotation":{"x":0.23057307302951814,"y":-0.24550844728946687,"z":0.06020328402519226,"w":0.9396727085113525},"size":1.9749881029129029,"orthographic":false}