{"cameraMode":{"drawMode":0,"name":"Shaded","section":"Shading Mode"},"sceneLighting":true,"audioPlay":false,"sceneViewState":{"m_AlwaysRefresh":false,"showFog":true,"showSkybox":true,"showFlares":true,"showImageEffects":true,"showParticleSystems":true,"showVisualEffectGraphs":true,"m_FxEnabled":true},"in2DMode":false,"pivot":{"x":-2.2175002098083498,"y":0.46574997901916506,"z":-0.02399998903274536},"rotation":{"x":-0.11283179372549057,"y":-0.1269284337759018,"z":0.014589574187994004,"w":-0.9854283928871155},"size":1.4711601734161378,"orthographic":false}