{"cameraMode":{"drawMode":0,"name":"Shaded","section":"Shading Mode"},"sceneLighting":true,"audioPlay":false,"sceneViewState":{"m_AlwaysRefresh":false,"showFog":true,"showSkybox":true,"showFlares":true,"showImageEffects":true,"showParticleSystems":true,"showVisualEffectGraphs":true,"m_FxEnabled":true},"in2DMode":false,"pivot":{"x":15.33067512512207,"y":1.1014971733093262,"z":4.633916854858398},"rotation":{"x":0.04695489630103111,"y":-0.0918770432472229,"z":0.003787625813856721,"w":0.9948165416717529},"size":0.8660253882408142,"orthographic":false}