{"cameraMode":{"drawMode":0,"name":"Shaded","section":"Shading Mode"},"sceneLighting":true,"audioPlay":false,"sceneViewState":{"m_AlwaysRefresh":false,"showFog":true,"showSkybox":true,"showFlares":true,"showImageEffects":true,"showParticleSystems":true,"showVisualEffectGraphs":true,"m_FxEnabled":true},"in2DMode":false,"pivot":{"x":1.1556404829025269,"y":0.9438112378120422,"z":-1.1649203300476075},"rotation":{"x":-0.2802942991256714,"y":0.05868331342935562,"z":-0.0167818833142519,"w":-0.957996666431427},"size":0.38900646567344668,"orthographic":false}