{"cameraMode":{"drawMode":0,"name":"Shaded","section":"Shading Mode"},"sceneLighting":false,"audioPlay":false,"sceneViewState":{"m_AlwaysRefresh":false,"showFog":true,"showSkybox":true,"showFlares":true,"showImageEffects":true,"showParticleSystems":true,"showVisualEffectGraphs":true,"m_FxEnabled":true},"in2DMode":false,"pivot":{"x":1099.323486328125,"y":918.4786376953125,"z":-87.36495971679688},"rotation":{"x":-0.018308494240045549,"y":0.008095362223684788,"z":-0.0001445610250812024,"w":-0.9998087286949158},"size":944.3906860351563,"orthographic":false}