{"cameraMode":{"drawMode":0,"name":"Shaded","section":"Shading Mode"},"sceneLighting":true,"audioPlay":false,"sceneViewState":{"m_AlwaysRefresh":false,"showFog":true,"showSkybox":true,"showFlares":true,"showImageEffects":true,"showParticleSystems":true,"showVisualEffectGraphs":true,"m_FxEnabled":true},"in2DMode":false,"pivot":{"x":10.125372886657715,"y":0.9347773790359497,"z":-5.451125621795654},"rotation":{"x":-0.07647020369768143,"y":0.017638761550188066,"z":0.00024871673667803407,"w":-0.9971669912338257},"size":0.8817654252052307,"orthographic":false}