{"cameraMode":{"drawMode":0,"name":"Shaded","section":"Shading Mode"},"sceneLighting":true,"audioPlay":false,"sceneViewState":{"m_AlwaysRefresh":false,"showFog":true,"showSkybox":true,"showFlares":true,"showImageEffects":true,"showParticleSystems":true,"showVisualEffectGraphs":true,"m_FxEnabled":true},"in2DMode":false,"pivot":{"x":14.977885246276856,"y":0.5965548157691956,"z":5.068711280822754},"rotation":{"x":-0.18786883354187013,"y":0.0820724293589592,"z":-0.015485814772546292,"w":-0.9787836074829102},"size":0.6315204501152039,"orthographic":false}