{"cameraMode":{"drawMode":0,"name":"Shaded","section":"Shading Mode"},"sceneLighting":false,"audioPlay":false,"sceneViewState":{"m_AlwaysRefresh":false,"showFog":true,"showSkybox":false,"showFlares":true,"showImageEffects":true,"showParticleSystems":true,"showVisualEffectGraphs":true,"m_FxEnabled":true},"in2DMode":false,"pivot":{"x":-2.1700000762939455,"y":1.5750001668930054,"z":1.8849999904632569},"rotation":{"x":0.2048485279083252,"y":-0.19736284017562867,"z":0.041829776018857959,"w":0.9578790068626404},"size":2.871628522872925,"orthographic":false}