{"cameraMode":{"drawMode":0,"name":"Shaded","section":"Shading Mode"},"sceneLighting":false,"audioPlay":false,"sceneViewState":{"m_AlwaysRefresh":false,"showFog":true,"showSkybox":false,"showFlares":true,"showImageEffects":true,"showParticleSystems":true,"showVisualEffectGraphs":true,"m_FxEnabled":true},"in2DMode":false,"pivot":{"x":-10.702896118164063,"y":0.026094675064086915,"z":1.133980631828308},"rotation":{"x":0.5597613453865051,"y":-0.08334791660308838,"z":0.053768668323755267,"w":0.823052167892456},"size":1.7327722311019898,"orthographic":false}