{"cameraMode":{"drawMode":0,"name":"Shaded","section":"Shading Mode"},"sceneLighting":false,"audioPlay":false,"sceneViewState":{"m_AlwaysRefresh":false,"showFog":true,"showSkybox":false,"showFlares":true,"showImageEffects":true,"showParticleSystems":true,"showVisualEffectGraphs":true,"m_FxEnabled":true},"in2DMode":false,"pivot":{"x":-0.020999997854232789,"y":-2.9802322387695315e-8,"z":0.2550000548362732},"rotation":{"x":-0.16590015590190888,"y":0.15985089540481568,"z":-0.02723606489598751,"w":-0.9727792143821716},"size":0.21408535540103913,"orthographic":false}